split,date,actual,predicted,absolute_error,residual
test,2025-01-01,23096.166666666668,25701.341321197953,2605.1746545312876,-2605.1746545312853
test,2025-01-02,28408.375,29847.213069014266,2220.7998077765474,-1438.8380690142658
test,2025-01-03,29937.875,28745.673066384392,1948.6686992627594,1192.2019336156081
test,2025-01-04,29093.25,28498.608694901337,1252.421549553265,594.641305098663
test,2025-01-05,28556.208333333332,26429.76048544372,2248.471575876743,2126.4478478896126
test,2025-01-06,27566.666666666668,27472.133816927624,806.4210038667961,94.53284973904374
test,2025-01-07,35390.791666666664,33178.67851983007,2736.89215870362,2212.113146836593
test,2025-01-08,36229.166666666664,33608.66961819358,2902.981888493461,2620.4970484730875
test,2025-01-09,36479.166666666664,33709.45636380894,3137.143621404634,2769.7103028577258
test,2025-01-10,34350.25,32372.607019308092,2014.0995020431492,1977.6429806919077
test,2025-01-11,32930.541666666664,31307.923221465873,1628.5832863222004,1622.618445200791
test,2025-01-12,35152.166666666664,31678.865956100602,3952.5430668243994,3473.3007105660618
test,2025-01-13,30809.458333333332,30071.022534776577,1457.116548484578,738.4357985567549
test,2025-01-14,31987.291666666668,31915.39377091726,1779.438752308349,71.89789574940733
test,2025-01-15,31426.541666666668,30684.296983107735,1765.5039172825084,742.2446835589326
test,2025-01-16,31092.041666666668,30267.662393115334,1956.5993366834111,824.3792735513343
test,2025-01-17,29805.208333333332,29457.766176637666,1744.7356477851538,347.4421566956662
test,2025-01-18,25711.041666666668,25962.843932018728,1041.3144558253457,-251.8022653520602
test,2025-01-19,25411.708333333332,27454.700125921183,2042.991792587851,-2042.9917925878508
test,2025-01-20,36839.375,34360.36519743763,2600.1289828207605,2479.0098025623665
test,2025-01-21,40639.833333333336,35744.71021653899,4895.1231167943415,4895.123116794348
test,2025-01-22,40817.5,37100.8440444199,4127.290234418687,3716.6559555800995
test,2025-01-23,39686.916666666664,35158.79589457415,4615.853490387602,4528.120772092516
test,2025-01-24,37623.5,33386.621760257025,4490.969057153704,4236.878239742975
test,2025-01-25,35385.5,31407.910596922553,4490.21539858085,3977.589403077447
test,2025-01-26,31576.791666666668,28488.909145531772,3649.538818091027,3087.882521134896
test,2025-01-27,27899.5,28145.088687893494,996.5003159620816,-245.58868789349435
test,2025-01-28,29226.75,29380.50176418561,1365.7311410849204,-153.75176418561023
test,2025-01-29,28174.541666666668,27409.947861555807,1281.5435278674236,764.5938051108606
test,2025-01-30,26048.708333333332,26122.201812006417,1314.4794683547887,-73.49347867308461
test,2025-01-31,24058.458333333332,23708.74407889253,557.1314336395275,349.7142544408016
test,2025-02-01,23769.416666666668,24798.753194440385,1296.781671914968,-1029.3365277737175
test,2025-02-02,23759.5,24600.545267449805,1486.54716338294,-841.0452674498047
test,2025-02-03,24810.75,25706.194733053384,1773.3283205557116,-895.444733053384
test,2025-02-04,23764.375,25554.79763718844,1996.3578254999518,-1790.4226371884397
test,2025-02-05,23301.458333333332,25018.915114256204,1788.8224683511598,-1717.456780922872
test,2025-02-06,23145.583333333332,24778.85176953002,1776.0908900251586,-1633.2684361966894
test,2025-02-07,23117.333333333332,24093.717209491137,1310.5291063542602,-976.3838761578045
test,2025-02-08,21990.833333333332,23414.718722304835,1459.3493905027628,-1423.8853889715028
test,2025-02-09,21545.25,21763.574026686434,1130.7010422789197,-218.32402668643408
test,2025-02-10,22873.958333333332,24522.488473416193,1800.9677327648185,-1648.5301400828612
test,2025-02-11,24996.791666666668,25338.936412351803,1906.0951794424752,-342.1447456851347
test,2025-02-12,27337.416666666668,25282.61244869628,2054.8042179703875,2054.804217970388
test,2025-02-13,26059.625,25039.686107406247,1610.791912406392,1019.9388925937528
test,2025-02-14,27585.333333333332,28224.418319911823,1868.7838723918712,-639.0849865784912
test,2025-02-15,24328.5,23999.669424664826,1095.9926432183008,328.8305753351742
test,2025-02-16,21914.083333333332,22190.35315537365,2123.486201186273,-276.2698220403181
test,2025-02-17,28419.625,29453.432796456047,1829.522067553157,-1033.807796456047
test,2025-02-18,28974.5,29551.03653691451,1672.7381508601975,-576.5365369145111
test,2025-02-19,28137.416666666668,29068.7490196907,933.4590711003788,-931.3323530240305
test,2025-02-20,31718.875,33113.681572648165,2094.0149654353377,-1394.8065726481655
test,2025-02-21,34364.875,32914.50541593969,3196.2211452966853,1450.3695840603104
test,2025-02-22,29640.708333333332,29241.176113972073,2410.9100856228383,399.5322193612592
test,2025-02-23,28005.333333333332,27148.012548608935,1861.9133421678537,857.3207847243975
test,2025-02-24,26667.875,26840.652377371236,1226.2398764916732,-172.77737737123607
test,2025-02-25,24880.041666666668,26032.38633227527,1880.916782321119,-1152.3446656086016
test,2025-02-26,24151.916666666668,25644.99214300128,2023.6119753495295,-1493.0754763346122
test,2025-02-27,23207.125,24175.279927669402,1291.6881541710227,-968.1549276694022
test,2025-02-28,23712.875,24391.83153646324,1400.3923098511825,-678.9565364632399
test,2025-03-01,22335.833333333332,23041.294180228637,1257.8575602477126,-705.4608468953047
test,2025-03-02,22824.166666666668,24463.859131811467,1670.2182265574284,-1639.692465144799
test,2025-03-03,26506.0,26467.01390687638,1642.9250200006875,38.986093123621686
test,2025-03-04,25133.5,25488.605708351384,1552.6405299372507,-355.10570835138424
test,2025-03-05,23285.166666666668,23598.83796287536,565.6309144431369,-313.6712962086931
test,2025-03-06,26990.166666666668,27271.693288795388,974.6589568198561,-281.5266221287202
test,2025-03-07,26512.583333333332,26005.502646216108,1405.4734624972468,507.08068711722444
test,2025-03-08,22064.083333333332,22622.406471552793,915.3602317860264,-558.3231382194608
test,2025-03-09,21740.208333333332,22538.02775606381,970.3099039982482,-797.8194227304775
test,2025-03-10,24944.333333333332,24921.053054898497,1612.3425657029572,23.280278434835054
test,2025-03-11,25878.916666666668,26016.59622774582,1745.6209897295646,-137.67956107915234
test,2025-03-12,23804.208333333332,24840.022158550924,1755.1493535451502,-1035.8138252175922
test,2025-03-13,22852.083333333332,24229.296041698373,1657.5428567556517,-1377.2127083650412
test,2025-03-14,22924.583333333332,24228.641438167087,1661.213276152557,-1304.0581048337554
test,2025-03-15,21900.125,22043.69604930146,926.7736607332707,-143.57104930145942
test,2025-03-16,21032.083333333332,20600.90047281841,784.0905624420951,431.1828605149203
test,2025-03-17,22897.458333333332,24612.30207422982,1723.0051936752077,-1714.8437408964892
test,2025-03-18,24676.208333333332,25605.860381252834,2021.4642737376364,-929.6520479195024
test,2025-03-19,23565.0,24753.642772337695,1849.838007604053,-1188.6427723376946
test,2025-03-20,22992.375,24324.28254159335,1507.3704821384056,-1331.9075415933512
test,2025-03-21,26014.583333333332,26576.909470998424,1592.447309085277,-562.3261376650917
test,2025-03-22,23305.458333333332,23933.477644068673,1648.3952650886115,-628.0193107353407
test,2025-03-23,21592.958333333332,22703.02677367403,1610.1588501811157,-1110.0684403406995
test,2025-03-24,22390.291666666668,22123.41299363053,854.6915600230308,266.87867303613893
test,2025-03-25,23537.458333333332,24788.076216357975,1905.5234838443193,-1250.6178830246427
test,2025-03-26,23174.75,23693.962211460555,1362.0369362081726,-519.2122114605554
test,2025-03-27,23234.416666666668,23949.074320850108,1743.1964890971913,-714.6576541834402
test,2025-03-28,23127.791666666668,23540.260642205893,1648.1393566366753,-412.46897553922463
test,2025-03-29,21827.666666666668,21623.57538036649,1273.7813338936078,204.0912863001795
test,2025-03-30,21230.083333333332,21255.029357130716,1706.2022278718948,-24.946023797383532
test,2025-03-31,22959.833333333332,22588.578455449202,1272.529293922852,371.2548778841301
test,2025-04-01,23191.833333333332,24535.126847471594,1690.9161102955184,-1343.2935141382623
test,2025-04-02,24494.291666666668,25009.179087006054,1867.6045479191914,-514.8874203393862
test,2025-04-03,26139.916666666668,26842.456023842988,1035.5847887284065,-702.5393571763198
test,2025-04-04,26964.166666666668,26704.187215793132,873.2257805645482,259.9794508735358
test,2025-04-05,25935.541666666668,25384.51510582663,1033.7783200934011,551.0265608400368
test,2025-04-06,23758.833333333332,22895.30750349736,1349.1054545809334,863.5258298359731
test,2025-04-07,22921.916666666668,21998.534696632243,1133.4014648236991,923.3819700344247
test,2025-04-08,23035.166666666668,24618.57951969988,1993.3080881012404,-1583.4128530332127
test,2025-04-09,23361.5,24569.73384714553,1861.086571063165,-1208.2338471455296
test,2025-04-10,23033.25,24238.517286886472,1745.2040521913707,-1205.267286886472
test,2025-04-11,22567.5,22686.889236104314,1260.3683172820624,-119.38923610431448
test,2025-04-12,21777.291666666668,22783.776472919126,1676.6280920751894,-1006.4848062524579
test,2025-04-13,21592.583333333332,22434.54098205983,1454.0944985137346,-841.9576487264967
test,2025-04-14,23398.708333333332,23824.1151414481,1432.5744229471438,-425.40680811476705
test,2025-04-15,23803.166666666668,22904.57105787516,1155.7483819772897,898.5956087915074
test,2025-04-16,23240.041666666668,23603.69660912278,1490.3825219917373,-363.6549424561126
test,2025-04-17,23393.125,24537.414252900442,1849.0205719242574,-1144.289252900442
test,2025-04-18,23549.791666666668,24410.9884977453,1642.7131190946754,-861.1968310786324
test,2025-04-19,24004.875,24450.927070634574,1326.663202988462,-446.0520706345742
test,2025-04-20,23964.416666666668,23747.855110280838,1576.0773203380083,216.56155638583004
test,2025-04-21,25351.208333333332,24875.381347014492,1101.353888350952,475.8269863188398
test,2025-04-22,25539.333333333332,25037.736915068064,1390.3562572094133,501.59641826526786
test,2025-04-23,25571.833333333332,24736.22826180889,1208.7150806661175,835.6050715244419
test,2025-04-24,25602.958333333332,24825.87694790943,1434.5511568017655,777.0813854239022
test,2025-04-25,25948.208333333332,24947.516838127005,1188.2899908676588,1000.6914952063271
test,2025-04-26,24829.0,24102.527427552184,1531.2793994058813,726.4725724478158
test,2025-04-27,24707.5,23809.34526810669,1672.5305919165592,898.1547318933117
test,2025-04-28,26162.875,25228.333196014748,1645.063881737724,934.541803985252
test,2025-04-29,26461.916666666668,26388.40720497679,1015.9683636074182,73.50946168987866
test,2025-04-30,27349.5,26684.474540540326,1243.2338580034545,665.0254594596736
test,2025-05-01,27045.875,26768.74495136555,1066.4701176641704,277.13004863445167
test,2025-05-02,26845.291666666668,25585.562035927807,1432.3433812008964,1259.7296307388606
test,2025-05-03,23284.541666666668,22805.08403491808,1056.7777625815575,479.457631748588
test,2025-05-04,21584.791666666668,22008.188677747024,910.1962153089365,-423.3970110803566
test,2025-05-05,22860.125,24117.79958578863,1622.1019827577882,-1257.6745857886308
test,2025-05-06,23807.083333333332,25307.888916872897,1739.5035991833586,-1500.8055835395644
test,2025-05-07,24192.541666666668,24921.411206570254,1488.5511259680363,-728.869539903586
test,2025-05-08,25888.583333333332,26223.38904112529,1162.8710369722282,-334.8057077919584
test,2025-05-09,26373.333333333332,25447.32389749084,1436.9408946187211,926.0094358424903
test,2025-05-10,22722.0,22692.653126998284,974.6907541495535,29.34687300171572
test,2025-05-11,21295.958333333332,22570.83428829659,1388.352056160111,-1274.8759549632596
test,2025-05-12,24017.041666666668,24234.319025170527,774.7935966803789,-217.27735850385943
test,2025-05-13,25242.666666666668,25773.90101106135,864.0428471804398,-531.2343443946811
test,2025-05-14,26717.083333333332,27027.937894374947,940.4112111110694,-310.85456104161494
test,2025-05-15,28777.625,29115.809156198487,867.1974539277845,-338.18415619848747
test,2025-05-16,30278.916666666668,30160.977306947014,824.4039646275537,117.93935971965402
test,2025-05-17,28591.041666666668,28834.94010734941,1190.5947911367489,-243.89844068274033
test,2025-05-18,26483.166666666668,27626.898253130057,1462.200186845707,-1143.7315864633892
test,2025-05-19,28863.5,29243.887023402112,961.8156524802165,-380.3870234021124
test,2025-05-20,31263.291666666668,31073.560374901444,1223.1853319959826,189.73129176522343
test,2025-05-21,30599.041666666668,29793.85600047947,961.0815609288892,805.1856661871971
test,2025-05-22,27563.375,28459.47144357134,1065.9848756905587,-896.0964435713395
test,2025-05-23,27725.25,28238.68767904914,944.9530203705034,-513.4376790491406
test,2025-05-24,25871.583333333332,27073.74496391053,1389.9534844150985,-1202.1616305771968
test,2025-05-25,25473.25,27200.90909755701,1857.424450723244,-1727.6590975570107
test,2025-05-26,26551.291666666668,26990.019996470175,1093.1646591525998,-438.7283298035072
test,2025-05-27,26543.5,28793.664911777047,2250.164911777049,-2250.1649117770467
test,2025-05-28,26817.25,28660.35369850815,1843.1036985081494,-1843.1036985081482
test,2025-05-29,26770.541666666668,28520.452056009264,1749.9103893425975,-1749.9103893425963
test,2025-05-30,26186.166666666668,27984.996195540083,1798.8295288734196,-1798.8295288734153
test,2025-05-31,24389.708333333332,26077.664989976125,1852.551277457402,-1687.956656642793
test,2025-06-01,24094.958333333332,25732.714306002348,1886.3695681589415,-1637.755972669016
test,2025-06-02,26965.375,28123.089452670873,1201.103722311699,-1157.7144526708726
test,2025-06-03,28984.333333333332,30016.108758973773,1269.8124086548353,-1031.7754256404405
test,2025-06-04,28999.458333333332,30141.498052149556,1193.9822305330872,-1142.0397188162242
test,2025-06-05,28472.875,30465.862413168357,1992.9874131683548,-1992.9874131683573
test,2025-06-06,31065.458333333332,31667.962123170528,1662.0533557975834,-602.5037898371957
test,2025-06-07,31190.041666666668,31184.379352133066,1536.1984874494156,5.662314533601602
test,2025-06-08,27806.5,29598.81970608483,1792.319706084829,-1792.3197060848288
test,2025-06-09,29156.833333333332,29532.283119792333,673.1336427657294,-375.4497864590012
test,2025-06-10,29150.708333333332,30050.174292645428,979.7179179585224,-899.465959312096
test,2025-06-11,29563.208333333332,30352.492927692092,1357.5070924700422,-789.2845943587599
test,2025-06-12,30939.25,31431.82073803569,1288.578993975665,-492.57073803569074
test,2025-06-13,30879.375,31679.323376827146,1388.4653971597997,-799.9483768271457
test,2025-06-14,29279.958333333332,30140.694433369546,1241.144735077284,-860.7361000362143
test,2025-06-15,27984.5,29290.110139564054,1637.9902524367017,-1305.6101395640544
test,2025-06-16,31230.666666666668,31136.080054978764,1371.37757812725,94.58661168790422
test,2025-06-17,31689.083333333332,31851.051086640364,1470.0387634811084,-161.96775330703167
test,2025-06-18,30340.25,32052.159493362164,1744.4731142555772,-1711.9094933621636
test,2025-06-19,30032.041666666668,31220.46904590816,1210.8557816916489,-1188.4273792414933
test,2025-06-20,30486.708333333332,31649.92282354885,1966.672123235943,-1163.2144902155196
test,2025-06-21,31245.25,31971.40763084424,1717.567372028049,-726.1576308442418
test,2025-06-22,31416.916666666668,31439.756235148245,1705.315881551921,-22.839568481576862
test,2025-06-23,34099.166666666664,33653.07519542444,1646.2324976411426,446.09147124222363
test,2025-06-24,35627.916666666664,35331.601795881645,1610.0785494743493,296.3148707850196
test,2025-06-25,36690.375,35590.58023295305,2063.315564904496,1099.7947670469512
test,2025-06-26,33588.0,33651.43624008596,1590.1877758509536,-63.43624008596089
test,2025-06-27,32363.791666666668,32670.826374120952,1792.728960151647,-307.0347074542842
test,2025-06-28,30459.375,31284.1793671468,1979.2086118461048,-824.8043671468004
test,2025-06-29,30223.416666666668,30432.44379356276,1253.1387908593545,-209.02712689609325
test,2025-06-30,31062.958333333332,31334.598694387667,1485.950626121661,-271.6403610543348
test,2025-07-01,32226.083333333332,32134.054474549655,1694.3574177657931,92.0288587836767
test,2025-07-02,31789.458333333332,32540.261288718186,1664.263693797525,-750.8029553848537
test,2025-07-03,32265.708333333332,33084.8330044321,1569.0967921692425,-819.1246710987652
test,2025-07-04,31450.333333333332,32041.73296106154,1451.0459841922614,-591.3996277282095
test,2025-07-05,30434.416666666668,32486.39621341313,2399.751437916873,-2051.979546746461
test,2025-07-06,30741.541666666668,32114.953785276466,1788.0161760198414,-1373.4121186097982
test,2025-07-07,33850.666666666664,34129.35918430861,1542.9432152561214,-278.6925176419463
test,2025-07-08,35218.5,34779.8821332813,1789.976909577175,438.61786671869777
test,2025-07-09,35088.708333333336,33847.55008001243,2069.5752662284945,1241.1582533209075
test,2025-07-10,33216.166666666664,33090.625161517695,1102.154659541074,125.54150514896901
test,2025-07-11,32643.125,32926.81005272909,1335.2780927106912,-283.68505272908806
test,2025-07-12,31707.041666666668,31994.32540388319,2079.4885193371533,-287.28373721652315
test,2025-07-13,32745.958333333332,32363.321361143622,1955.9110513555333,382.6369721897099
test,2025-07-14,34832.5,33487.74772361905,1967.7096937856413,1344.7522763809466
test,2025-07-15,36014.625,35341.72768704469,1771.8627823047216,672.8973129553124
test,2025-07-16,35048.791666666664,35366.16704001667,1328.0342472959417,-317.37537335000525
test,2025-07-17,35122.208333333336,35035.84767411335,1296.3282075109112,86.3606592199867
test,2025-07-18,34434.416666666664,33972.97388845147,1678.2694578652051,461.44277821519063
test,2025-07-19,32355.708333333332,33141.48151004395,1659.01151494782,-785.7731767106197
test,2025-07-20,33631.5,33246.22767155937,1609.7789485843925,385.2723284406311
test,2025-07-21,35437.666666666664,35302.03987027912,1001.4008355107177,135.62679638754344
test,2025-07-22,35900.958333333336,35969.35940648253,1709.4913565716045,-68.40107314919442
test,2025-07-23,34838.708333333336,34907.360331219366,1400.0439474838852,-68.65199788603059
test,2025-07-24,33873.083333333336,34603.26714159752,1461.111612695694,-730.1838082641843
test,2025-07-25,34094.708333333336,34054.57932167412,1567.8749881141455,40.129011659213575
test,2025-07-26,33132.5,33242.86241117674,1598.2742588570593,-110.36241117674217
test,2025-07-27,33859.083333333336,33390.5632095159,1803.2278992202298,468.52012381743407
test,2025-07-28,36929.583333333336,36095.37597459592,1643.6761629003631,834.207358737418
test,2025-07-29,37743.291666666664,36776.42171871538,2008.2672961865553,966.869947951287
test,2025-07-30,35546.75,35595.83836068132,1529.7447034432905,-49.08836068132223
test,2025-07-31,35575.291666666664,35324.147535465156,1550.1883323184481,251.14413120150857
test,2025-08-01,34382.5,34141.25620696469,1778.8759353602024,241.24379303531168
test,2025-08-02,30567.291666666668,31605.022828799865,1258.3564293664756,-1037.7311621331974
test,2025-08-03,27126.041666666668,29400.70367183663,2274.6620051699633,-2274.662005169961
test,2025-08-04,25803.291666666668,29460.06858533344,3656.7769186667742,-3656.776918666772
test,2025-08-05,26670.541666666668,31156.50668725495,4485.965020588283,-4485.965020588283
test,2025-08-06,28463.375,31937.068077440763,3473.6930774407615,-3473.693077440763
test,2025-08-07,30172.833333333332,32530.483881331358,2357.6505479980256,-2357.650547998026
test,2025-08-08,29668.208333333332,31877.184315106246,2208.9759817729105,-2208.9759817729137
test,2025-08-09,28584.5,30995.64213154417,2411.14213154417,-2411.1421315441694
test,2025-08-10,28243.916666666668,30621.692252678946,2377.7755860122775,-2377.775586012278
test,2025-08-11,30510.333333333332,32420.112309395776,1938.2969209490163,-1909.7789760624437
test,2025-08-12,32235.166666666668,33638.63824648088,1888.9488439140434,-1403.4715798142097
test,2025-08-13,32346.708333333332,33559.91431636155,1456.3242048738703,-1213.2059830282196
test,2025-08-14,33151.708333333336,33800.080960468644,1764.2522666169507,-648.372627135308
test,2025-08-15,34482.125,33946.946501488645,1771.8353284164605,535.1784985113554
test,2025-08-16,31633.958333333332,32315.883167395074,2060.722022111006,-681.9248340617414
test,2025-08-17,31550.083333333332,32216.953866645676,2117.688728189518,-666.8705333123435
test,2025-08-18,33855.208333333336,33876.44603119525,1834.7100621280822,-21.237697861914057
test,2025-08-19,33948.5,34636.05489619802,1490.3309421008464,-687.5548961980166
test,2025-08-20,33544.291666666664,34071.79343240581,1763.2726967340252,-527.5017657391436
test,2025-08-21,32759.958333333332,32953.26200569448,1614.0096303856935,-193.30367236114762
test,2025-08-22,30897.791666666668,31968.162535052394,1352.8028310146792,-1070.3708683857258
test,2025-08-23,28803.958333333332,30602.374780425682,1798.416447092349,-1798.4164470923497
test,2025-08-24,28488.208333333332,30030.47386646867,1758.5524705090932,-1542.265533135338
test,2025-08-25,30511.625,31287.800127809645,952.5700463106518,-776.1751278096453
test,2025-08-26,28377.791666666668,30129.77778636864,1751.986119701972,-1751.986119701971
test,2025-08-27,27440.666666666668,29419.105848770832,1995.774862174736,-1978.4391821041645
test,2025-08-28,27471.583333333332,29810.222298387827,2338.638965054493,-2338.638965054495
test,2025-08-29,27411.916666666668,29279.652341952988,1901.3279310187143,-1867.7356752863197
test,2025-08-30,26793.625,28841.534920523613,2047.9099205236107,-2047.9099205236125
test,2025-08-31,26226.791666666668,28223.89425297045,1997.1025863037837,-1997.102586303783
test,2025-09-01,26115.5,27588.7047592653,1473.204759265299,-1473.2047592652998
test,2025-09-02,26771.458333333332,29328.43963526374,2556.981301930405,-2556.9813019304092
test,2025-09-03,28153.375,29382.952445084713,1473.0550944743843,-1229.577445084713
test,2025-09-04,29712.416666666668,30536.31858307309,1384.9376898464495,-823.901916406423
test,2025-09-05,31604.125,31767.466941413946,1382.0460529504135,-163.3419414139462
test,2025-09-06,29981.291666666668,30019.132412510033,944.1086826755139,-37.84074584336486
test,2025-09-07,27673.708333333332,27288.361490178475,1044.967559287853,385.3468431548572
test,2025-09-08,26959.208333333332,27336.09267927059,1239.1220974740206,-376.88434593725833
test,2025-09-09,27168.375,28692.710577101392,1664.2838663465411,-1524.3355771013921
test,2025-09-10,27375.958333333332,28656.75261654986,1510.1039400526881,-1280.7942832165281
test,2025-09-11,28006.916666666668,29573.35186770098,1704.8488948226423,-1566.4352010343136
test,2025-09-12,28795.166666666668,29958.234402084392,1287.2243802289217,-1163.0677354177242
test,2025-09-13,27262.625,28571.76097604584,1341.4891059911522,-1309.13597604584
test,2025-09-14,26233.125,27571.495837128416,1339.0265955925236,-1338.3708371284156
test,2025-09-15,28097.125,29170.378060571442,1319.2650214992848,-1073.253060571442
test,2025-09-16,28733.375,29986.445975215112,1409.0003573299437,-1253.0709752151124
test,2025-09-17,29146.833333333332,30083.41984851733,1238.0469410661622,-936.5865151839971
test,2025-09-18,29938.208333333332,30699.694419393534,1194.9355414357449,-761.4860860602021
test,2025-09-19,30306.958333333332,30780.249917051373,1219.572119336384,-473.2915837180408
test,2025-09-20,28821.166666666668,29479.707123230637,1151.9789321333128,-658.5404565639692
test,2025-09-21,28199.75,28634.568903298306,1191.9608251631,-434.8189032983064
test,2025-09-22,29456.958333333332,29461.236716768966,1137.3760673731151,-4.278383435634169
test,2025-09-23,30150.041666666668,30658.2003261276,1291.15224250922,-508.15865946093254
test,2025-09-24,31111.833333333332,31047.64202508102,1671.2610821025035,64.19130825231332
test,2025-09-25,30530.75,30205.268080791706,921.1033778107272,325.48191920829413
test,2025-09-26,28762.5,28507.460740677565,560.846712801223,255.0392593224351
test,2025-09-27,27140.541666666668,26817.619419728635,915.6667651319782,322.9222469380329
test,2025-09-28,26734.125,26708.153272188978,1013.9122877373126,25.971727811021992
test,2025-09-29,27706.708333333332,28413.609231744795,1088.750390137108,-706.9008984114625
test,2025-09-30,27345.833333333332,28861.6505864424,1784.132547008652,-1515.8172531090677
test,2025-10-01,27396.166666666668,28390.799418893745,1172.9078266252443,-994.6327522270767
test,2025-10-02,25978.0,27186.446313977664,1666.379213845976,-1208.4463139776635
test,2025-10-03,24781.958333333332,25947.4865155239,1593.7714582633826,-1165.5281821905664
test,2025-10-04,23336.791666666668,24934.26939709068,1901.8310034238239,-1597.4777304240124
test,2025-10-05,23454.375,24857.99898666811,1607.0445819396082,-1403.6239866681099
test,2025-10-06,26073.208333333332,27002.740010547222,1198.3654636613126,-929.5316772138904
test,2025-10-07,27469.208333333332,28206.54182078152,890.4883934519676,-737.333487448188
test,2025-10-08,28462.291666666668,28315.70455303371,781.6418547125139,146.5871136329588
test,2025-10-09,26159.166666666668,25847.634131335504,1402.7558110110003,311.5325353311637
test,2025-10-10,23973.666666666668,24065.107462632892,857.2989002469049,-91.44079596622396
test,2025-10-11,22195.875,23404.654326602802,1309.9507211767877,-1208.779326602802
test,2025-10-12,21614.208333333332,22889.055370956674,1435.3107052065836,-1274.8470376233417
test,2025-10-13,23560.208333333332,24832.172611425194,1446.4203370408575,-1271.964278091862
test,2025-10-14,24614.625,25904.56517640797,1434.5833047136548,-1289.9401764079703
test,2025-10-15,25129.041666666668,25969.73741250395,1147.8763240465362,-840.6957458372817
test,2025-10-16,25340.875,26227.85141653632,1218.9497875553939,-886.9764165363194
test,2025-10-17,25002.458333333332,25619.748278822895,1066.9763129250118,-617.2899454895633
test,2025-10-18,23902.833333333332,24532.333446529377,1418.0271214762306,-629.5001131960453
test,2025-10-19,23052.958333333332,22734.578519979845,1032.6519604005778,318.3798133534874
test,2025-10-20,22604.958333333332,23696.119016729917,1832.0529727975006,-1091.1606833965852
test,2025-10-21,23206.125,25202.486261481416,2248.3082213872576,-1996.3612614814156
test,2025-10-22,23305.75,23837.733198749473,1057.8015629892059,-531.9831987494726
test,2025-10-23,23195.708333333332,25237.804501497438,2389.501840852666,-2042.0961681641056
test,2025-10-24,22900.041666666668,24460.287121906284,1943.5216008220762,-1560.2454552396157
test,2025-10-25,21688.916666666668,22848.86523807477,1523.6193904627787,-1159.948571408102
test,2025-10-26,21216.041666666668,20165.330675294976,1050.710991371693,1050.7109913716922
test,2025-10-27,23524.166666666668,22722.15961711221,1102.2849569896064,802.0070495544569
test,2025-10-28,23940.541666666668,24292.683000507302,999.1571885859938,-352.1413338406346
test,2025-10-29,24325.958333333332,25012.555341056435,1186.2557260630022,-686.5970077231032
test,2025-10-30,24671.083333333332,25694.75076469613,1386.42733994496,-1023.6674313627991
test,2025-10-31,24777.416666666668,25806.483748320712,1796.3515883440907,-1029.0670816540442
test,2025-11-01,23313.958333333332,24475.10967188503,2127.1653094580233,-1161.1513385516992
test,2025-11-02,22426.666666666668,23281.979199282807,1262.3598779091917,-855.3125326161389
test,2025-11-03,24123.458333333332,25748.42273596866,2295.578185509794,-1624.9644026353271
test,2025-11-04,24893.125,26046.747224309507,1921.710667359409,-1153.6222243095071
test,2025-11-05,24477.166666666668,25780.965501034294,1989.3831430246898,-1303.7988343676261
test,2025-11-06,23881.083333333332,25267.231214004292,1844.923521973108,-1386.1478806709601
test,2025-11-07,23535.291666666668,24497.496401042066,1450.7443970539646,-962.2047343753984
test,2025-11-08,22549.916666666668,22640.928628234677,1095.1032147245635,-91.0119615680087
test,2025-11-09,21858.75,20918.72328796983,1202.6241305022563,940.0267120301687
test,2025-11-10,26278.041666666668,28360.596443834816,2082.554777168152,-2082.5547771681486
test,2025-11-11,32339.875,31068.302779440888,1453.012774218839,1271.5722205591119
test,2025-11-12,29308.541666666668,27605.86331387886,1781.1821392511604,1702.678352787807
test,2025-11-13,25196.333333333332,25924.895695882748,1487.1806031359513,-728.5623625494154
test,2025-11-14,24581.083333333332,25312.051471337272,1668.4489744530945,-730.9681380039401
test,2025-11-15,23330.25,24143.193542774545,1409.899729709723,-812.9435427745448
test,2025-11-16,21727.666666666668,22168.602400632604,1357.0077502829085,-440.9357339659364
test,2025-11-17,23522.166666666668,23346.530411271495,1276.640162883899,175.63625539517307
test,2025-11-18,25139.791666666668,25421.160119980967,1454.9223161952232,-281.3684533142987
test,2025-11-19,24026.458333333332,24361.828805247602,1813.1773627833945,-335.37047191426973
test,2025-11-20,23955.291666666668,24410.424378719938,1205.4115162085056,-455.13271205326964
test,2025-11-21,23739.125,23550.105805301162,1061.2336144064673,189.01919469883796
test,2025-11-22,23142.291666666668,23143.781302161733,1172.3159649673514,-1.4896354950651585
test,2025-11-23,22034.541666666668,21295.546123953423,1265.648796460558,738.9955427132445
test,2025-11-24,23298.208333333332,24268.903861540068,1653.8819599666228,-970.6955282067356
test,2025-11-25,23750.75,23434.48717366034,904.7543476327777,316.2628263396582
test,2025-11-26,23554.708333333332,22919.99370932861,1212.8614353899436,634.7146240047223
test,2025-11-27,23625.125,25447.124918227724,1970.3577949951377,-1821.9999182277243
test,2025-11-28,25898.75,29021.643394916347,3122.893394916347,-3122.8933949163475
test,2025-11-29,27659.041666666668,27647.077616353858,1101.9794669567507,11.964050312810286
test,2025-11-30,24987.875,24693.960013595934,721.9121585278931,293.91498640406644
test,2025-12-01,26716.541666666668,27591.80898892239,1357.863808883719,-875.2673222557205
test,2025-12-02,27478.5,28341.370626986336,867.504037440796,-862.870626986336
test,2025-12-03,30196.083333333332,30912.64174320594,1359.5591034274166,-716.5584098726067
test,2025-12-04,31382.0,30997.5135583763,1024.4536598134105,384.48644162369965
test,2025-12-05,28933.166666666668,29549.57348806852,829.7336923401075,-616.4068214018516
test,2025-12-06,27334.5,28537.817550089418,1220.6423517432297,-1203.3175500894176
test,2025-12-07,28231.416666666668,28242.956613603237,783.0949242217904,-11.539946936569322
test,2025-12-08,28318.375,28989.417958049842,1013.8780094447721,-671.0429580498421
test,2025-12-09,31268.541666666668,31688.128210220035,1509.494589576312,-419.58654355336694
test,2025-12-10,31793.166666666668,30706.8567258519,1662.273393425259,1086.3099408147682
test,2025-12-11,28713.666666666668,29752.41112476859,1327.8506082628542,-1038.7444581019226
test,2025-12-12,30176.958333333332,29245.814495266062,1623.1267051254235,931.1438380672698
test,2025-12-13,25939.375,26418.14867241035,1175.5795675193492,-478.7736724103488
test,2025-12-14,24383.458333333332,26917.4598212922,2534.0014879588693,-2534.001487958867
test,2025-12-15,36120.958333333336,33816.091658068035,2805.122758175468,2304.8666752653007
test,2025-12-16,35208.458333333336,32338.126096424385,3286.634446964095,2870.332236908951
test,2025-12-17,30742.541666666668,29362.32282541436,1909.3995082828114,1380.2188412523064
test,2025-12-18,26350.875,26190.595871543166,803.4011926038751,160.27912845683386
test,2025-12-19,25329.25,26194.465195215987,897.3754086190975,-865.2151952159875
test,2025-12-20,28428.541666666668,27606.821921098006,1660.939159930809,821.7197455686619
test,2025-12-21,25769.25,24392.22264702589,1598.4910197309391,1377.0273529741098
test,2025-12-22,25053.958333333332,24882.196505869342,866.5080694402568,171.7618274639899
test,2025-12-23,24774.791666666668,25179.374594925655,1051.9135447439708,-404.5829282589875
test,2025-12-24,22693.5,25253.13678861828,2572.731266263992,-2559.6367886182816
test,2025-12-25,20742.333333333332,23614.3199731917,2871.9866398583677,-2871.986639858369
test,2025-12-26,20723.166666666668,24201.357450800264,3478.190784133596,-3478.190784133596
test,2025-12-27,21246.75,22533.812362193687,1352.1684859554684,-1287.0623621936866
test,2025-12-28,21121.833333333332,21950.82454022722,1196.0166579876766,-828.9912068938866
test,2025-12-29,22830.083333333332,24530.788355330555,2016.5974319605102,-1700.7050219972225
test,2025-12-30,31765.541666666668,31845.444870560837,1365.5417014062034,-79.90320389416956
test,2025-12-31,32366.041666666668,31258.059449439384,1602.996348311777,1107.9822172272834
test,2026-01-01,27934.541666666668,27343.478922372637,1156.212293367181,591.0627442940313
test,2026-01-02,25568.166666666668,26497.30688655454,1361.6331339083692,-929.1402198878714
test,2026-01-03,23138.125,23869.261356478743,881.8781791570523,-731.1363564787425
test,2026-01-04,23522.583333333332,25570.768905299174,2048.18557196584,-2048.1855719658415
test,2026-01-05,25609.583333333332,26912.012221741068,1950.0550149706314,-1302.428888407736
test,2026-01-06,25309.958333333332,26564.57978870404,1466.268773805093,-1254.6214553707068
test,2026-01-07,23948.541666666668,25187.774881637833,1305.6889870042507,-1239.2332149711656
test,2026-01-08,24060.708333333332,25881.63040418757,1853.4719517835504,-1820.922070854238
test,2026-01-09,23736.208333333332,24618.6728972594,992.5248232629593,-882.4645639260671
test,2026-01-10,22542.166666666668,23385.515523533,1064.3968488843168,-843.3488568663306
test,2026-01-11,23187.833333333332,25888.933523803425,2701.1001904700897,-2701.1001904700934
test,2026-01-12,30862.458333333332,31501.38517183253,1748.2868879056232,-638.9268384991992
test,2026-01-13,31911.416666666668,31513.732208972036,1607.3415705352588,397.6844576946314
test,2026-01-14,28892.75,29901.161659812176,1288.3305213127626,-1008.4116598121764
test,2026-01-15,31674.375,32596.096687874608,1788.2235951312014,-921.7216878746076
test,2026-01-16,36016.5,32892.432590733464,3381.5018271550816,3124.067409266536
test,2026-01-17,27723.708333333332,28224.186444952724,992.1762866518288,-500.4781116193917
test,2026-01-18,28872.541666666668,30468.993963874625,1807.7279666737397,-1596.4522972079576
test,2026-01-19,34045.0,32713.820438318417,2201.284795213726,1331.1795616815834
test,2026-01-20,32704.916666666668,33075.81308505553,1698.0590019398867,-370.8964183888638
test,2026-01-21,32875.333333333336,31198.330317396874,2433.6082123662172,1677.0030159364615
test,2026-01-22,27495.625,28636.494876173612,1185.6782514836132,-1140.8698761736123
test,2026-01-23,26565.208333333332,28424.712357541724,1859.5040242083926,-1859.5040242083924
test,2026-01-24,27120.833333333332,29024.4471576677,1903.6138243343612,-1903.6138243343667
test,2026-01-25,29014.875,28220.23629682776,1378.377366583686,794.6387031722406
test,2026-01-26,32399.666666666668,33628.16654806771,1896.5209903414932,-1228.4998814010432
test,2026-01-27,38677.5,35790.576149401444,3852.6447928684106,2886.923850598556
test,2026-01-28,33863.125,32991.47267991543,2669.632436072796,871.6523200845695
test,2026-01-29,32776.375,32550.933364267417,2129.434101706752,225.44163573258265
test,2026-01-30,32255.125,31435.466918570834,2274.5868843225344,819.6580814291665
test,2026-01-31,28130.333333333332,33184.76225146942,5054.428918136088,-5054.428918136091
test,2026-02-01,25873.571428571428,35671.320414682865,9797.748986111439,-9797.748986111437
validation,2024-01-01,25786.208333333332,24919.654196390144,1366.4259704015165,866.5541369431885
validation,2024-01-02,29520.708333333332,29154.57998737537,2160.9282179719903,366.12834595796085
validation,2024-01-03,32617.333333333332,29574.526450945483,3300.5724315832867,3042.8068823878493
validation,2024-01-04,31130.958333333332,29329.31157359101,2101.500723545362,1801.6467597423216
validation,2024-01-05,31144.666666666668,28637.61414771575,2788.2412834509546,2507.052518950917
validation,2024-01-06,26131.791666666668,24310.75278228446,1848.1155687101507,1821.0388843822075
validation,2024-01-07,25864.375,25354.632203436002,891.9291994265958,509.7427965639981
validation,2024-01-08,30509.916666666668,27906.656007431782,2731.2094760026916,2603.2606592348857
validation,2024-01-09,26950.458333333332,25472.99572217927,1706.750718849589,1477.4626111540638
validation,2024-01-10,29492.875,28738.034343795982,1337.8009495510996,754.8406562040182
validation,2024-01-11,29921.125,27785.70817457962,2605.2514939316507,2135.4168254203796
validation,2024-01-12,27546.75,25127.099406317517,2701.4917652036893,2419.6505936824833
validation,2024-01-13,27265.208333333332,27263.11865311234,1139.703345805724,2.089680220993614
validation,2024-01-14,29547.75,27490.515999730527,2797.0105746123886,2057.2340002694727
validation,2024-01-15,27801.0,28965.048381131648,1575.6180099363544,-1164.048381131648
validation,2024-01-16,31016.25,32530.558320303564,2371.119398237339,-1514.308320303564
validation,2024-01-17,40693.208333333336,35160.62299074546,5532.5853425878695,5532.585342587874
validation,2024-01-18,37293.25,32133.795023877527,5173.437471381395,5159.454976122473
validation,2024-01-19,29414.083333333332,28916.208559778916,928.9935565255583,497.8747735544166
validation,2024-01-20,36340.583333333336,32461.710957249987,3937.170553434524,3878.872376083349
validation,2024-01-21,39401.666666666664,32009.34728113346,7392.319385533206,7392.319385533203
validation,2024-01-22,35474.208333333336,29850.270917861122,5623.937415472214,5623.937415472214
validation,2024-01-23,28484.708333333332,26792.996230756933,1709.589778751014,1691.712102576399
validation,2024-01-24,25452.083333333332,24059.877844763305,1392.205488570029,1392.2054885700272
validation,2024-01-25,23638.083333333332,23252.617728707726,1216.8753250605853,385.4656046256059
validation,2024-01-26,22953.5,22780.977868010585,576.5355153512838,172.52213198941536
validation,2024-01-27,21930.083333333332,21897.23910544546,593.5735289125374,32.844227887871966
validation,2024-01-28,22981.375,23882.276759032058,927.6724994381898,-900.9017590320582
validation,2024-01-29,27190.458333333332,27234.109169360778,1093.3075554480909,-43.65083602744562
validation,2024-01-30,29374.708333333332,28467.91894113607,2235.983220124625,906.7893921972609
validation,2024-01-31,26562.583333333332,26754.58613166056,1022.8392863486056,-192.00279832722663
validation,2024-02-01,28811.375,28461.873808273536,1939.1744446791254,349.50119172646373
validation,2024-02-02,26370.083333333332,25964.65345661639,1744.224395786865,405.4298767169421
validation,2024-02-03,23949.0,24477.93352329747,1780.1053215991972,-528.93352329747
validation,2024-02-04,24641.375,24096.150913091667,889.9739531113495,545.2240869083325
validation,2024-02-05,27549.291666666668,26223.6603438764,1386.1735242442676,1325.6313227902683
validation,2024-02-06,27771.291666666668,26268.030531076005,1711.593592327875,1503.261135590663
validation,2024-02-07,27597.208333333332,26782.316403726185,1769.4513136749636,814.8919296071472
validation,2024-02-08,27791.083333333332,26368.211011431482,1903.783927732274,1422.8723219018502
validation,2024-02-09,25324.041666666668,23987.770847704112,1387.1710181816104,1336.2708189625555
validation,2024-02-10,22051.166666666668,21528.479715337304,743.0921515528554,522.6869513293641
validation,2024-02-11,21075.0,20504.263741347055,742.953746782347,570.7362586529453
validation,2024-02-12,22739.0,22029.459097840507,933.6759258638723,709.5409021594933
validation,2024-02-13,25616.625,26289.779080734104,1250.7691474925828,-673.1540807341044
validation,2024-02-14,27652.25,26757.296811158853,1999.020260542159,894.9531888411475
validation,2024-02-15,25981.75,25645.552662767306,2088.612858195086,336.1973372326938
validation,2024-02-16,24171.75,24173.904790139717,1473.9114242981693,-2.154790139717079
validation,2024-02-17,23751.166666666668,25015.241593342562,1264.0749266758921,-1264.074926675894
validation,2024-02-18,27767.125,26455.862422385424,1632.4848091989468,1311.262577614576
validation,2024-02-19,28566.041666666668,27307.70259354012,2023.8339001809297,1258.3390731265463
validation,2024-02-20,28447.333333333332,26842.52071054865,2502.780738758833,1604.8126227846806
validation,2024-02-21,27173.708333333332,25724.64852457897,2323.5930148531634,1449.0598087543622
validation,2024-02-22,25189.833333333332,24187.677868464223,1581.352016855941,1002.155464869109
validation,2024-02-23,22675.75,22047.949936974383,696.8846310080736,627.8000630256174
validation,2024-02-24,22609.458333333332,22172.77181897798,1542.0441042855707,436.6865143553514
validation,2024-02-25,23864.291666666668,23367.95079594605,1611.2988617146502,496.3408707206181
validation,2024-02-26,24352.25,23407.304724124504,1303.1224329081156,944.945275875496
validation,2024-02-27,23039.083333333332,22945.085801355977,1295.8225210283852,93.99753197735481
validation,2024-02-28,22937.375,21616.42901731822,1462.7100045687246,1320.9459826817802
validation,2024-02-29,25393.708333333332,24958.844860215217,1207.5227334845465,434.8634731181155
validation,2024-03-01,26814.833333333332,24930.507776053968,1884.3255572793685,1884.3255572793641
validation,2024-03-02,24582.375,22524.865350780387,2057.509649219614,2057.5096492196135
validation,2024-03-03,21648.125,21408.71925298926,935.9092343082538,239.40574701074001
validation,2024-03-04,22206.458333333332,22197.921509860065,953.606710989322,8.53682347326685
validation,2024-03-05,22918.458333333332,21913.403068060714,1029.0185470396489,1005.0552652726183
validation,2024-03-06,23095.166666666668,22404.535390350702,1084.6633227456339,690.6312763159658
validation,2024-03-07,23114.625,23428.66819634655,1047.2959616600865,-314.04319634654894
validation,2024-03-08,22121.166666666668,21492.22064996437,650.9121336864896,628.946016702299
validation,2024-03-09,21426.166666666668,20384.36876392955,1064.248941616863,1041.7979027371184
validation,2024-03-10,21697.583333333332,21810.254500764026,806.3114779812498,-112.67116743069346
validation,2024-03-11,24676.708333333332,24344.084468445562,1564.6620869498063,332.62386488776974
validation,2024-03-12,24895.291666666668,24560.04771128326,2217.159260276601,335.2439553834083
validation,2024-03-13,23480.125,23977.35548695516,1648.3877653152158,-497.230486955159
validation,2024-03-14,23081.958333333332,24062.3220337306,1660.8060555356917,-980.363700397269
validation,2024-03-15,22799.666666666668,21909.108549139433,1641.3914453451669,890.5581175272346
validation,2024-03-16,21289.958333333332,21307.418131813658,796.3220085032503,-17.459798480325844
validation,2024-03-17,20503.583333333332,20066.009571798564,663.1466913343942,437.573761534768
validation,2024-03-18,22428.416666666668,22939.219668610425,1325.19816043262,-510.8030019437574
validation,2024-03-19,26526.25,26673.336701508288,1547.2115867862497,-147.08670150828766
validation,2024-03-20,25297.25,24785.418755793202,1919.4640133880248,511.83124420679815
validation,2024-03-21,23180.083333333332,23966.365359165356,1599.9536141605902,-786.2820258320244
validation,2024-03-22,22282.666666666668,21616.512151858784,942.0634474894296,666.154514807884
validation,2024-03-23,21232.0,20969.1338343726,974.2174684911766,262.86616562740164
validation,2024-03-24,21624.208333333332,21381.860093955656,1515.5148174281603,242.34823937767578
validation,2024-03-25,22713.958333333332,21826.539128907076,1283.6093954678329,887.4192044262563
validation,2024-03-26,22558.5,21542.00446227814,1032.7033487076105,1016.4955377218612
validation,2024-03-27,22601.75,22232.436141820068,809.7958014816769,369.31385817993214
validation,2024-03-28,22406.333333333332,22420.75351365618,1214.994163188896,-14.420180322846136
validation,2024-03-29,22393.083333333332,23061.979368308366,1964.826251845431,-668.8960349750341
validation,2024-03-30,21078.25,21934.830433746785,1707.9936845710547,-856.5804337467853
validation,2024-03-31,20651.75,20743.822927280766,1225.8611260222121,-92.07292728076573
validation,2024-04-01,22393.916666666668,21669.70043060468,1778.5817700514847,724.2162360619877
validation,2024-04-02,24156.791666666668,23039.098768322132,1883.3102785184983,1117.692898344536
validation,2024-04-03,23464.125,21150.6714888486,2313.453511151401,2313.4535111514015
validation,2024-04-04,22904.958333333332,22783.58999175449,1642.9610204846401,121.36834157884368
validation,2024-04-05,23141.625,22862.95308178183,1950.275954674671,278.6719182181696
validation,2024-04-06,22003.5,22123.21578038105,1788.4305246430415,-119.71578038105145
validation,2024-04-07,21524.666666666668,21379.001746393977,1312.9665677679975,145.66492027269123
validation,2024-04-08,22502.416666666668,21494.755132954924,1596.8906043684249,1007.6615337117437
validation,2024-04-09,22905.333333333332,21434.779897875786,1470.5534354575484,1470.5534354575466
validation,2024-04-10,23143.208333333332,21553.134059043074,1738.6428704980544,1590.0742742902585
validation,2024-04-11,22886.291666666668,20720.367962797627,2165.923703869041,2165.9237038690408
validation,2024-04-12,21332.166666666668,21541.34116233649,712.2214989390756,-209.17449566982032
validation,2024-04-13,20527.875,21936.876028962277,1679.2863889647053,-1409.001028962277
validation,2024-04-14,20322.583333333332,21286.64935048744,1562.5792972149768,-964.0660171541094
validation,2024-04-15,23906.166666666668,22510.93395699692,1795.661894955789,1395.2327096697481
validation,2024-04-16,24873.5,23420.941287148144,2000.5373431302858,1452.5587128518564
validation,2024-04-17,25006.416666666668,22884.43119947585,2208.8827950652862,2121.985467190818
validation,2024-04-18,25627.541666666668,23677.196221325587,2012.3558911832918,1950.3454453410814
validation,2024-04-19,26879.833333333332,23894.97381877777,2985.79220644522,2984.859514555563
validation,2024-04-20,25153.75,21816.81344957286,3336.9365504271423,3336.936550427141
validation,2024-04-21,21690.5,19450.08338015831,2240.4166198416883,2240.4166198416897
validation,2024-04-22,22587.333333333332,22362.243538744107,1690.7110481245033,225.08979458922477
validation,2024-04-23,23184.875,23775.571846139737,2030.229902032617,-590.6968461397373
validation,2024-04-24,22961.333333333332,23540.78546541343,1462.5510044633231,-579.4521320800995
validation,2024-04-25,23851.291666666668,23806.48740997522,1032.6304379769074,44.804256691448245
validation,2024-04-26,24318.5,23439.534832853602,1738.3748829595431,878.965167146398
validation,2024-04-27,23186.125,22160.39916730046,1951.8501081258871,1025.7258326995398
validation,2024-04-28,22692.625,21346.118122058822,1739.8336652207972,1346.5068779411777
validation,2024-04-29,24262.5,22655.97406808482,1785.868031418912,1606.525931915181
validation,2024-04-30,25067.833333333332,23671.985682173483,1931.4692841478402,1395.8476511598492
validation,2024-05-01,26334.875,24641.4703305959,2025.5929490779124,1693.404669404099
validation,2024-05-02,27140.541666666668,25201.59643980353,2425.760236059862,1938.9452268631394
validation,2024-05-03,27452.291666666668,25208.136664261125,2427.41549801909,2244.155002405543
validation,2024-05-04,25253.583333333332,23439.212383992446,2017.7426278723044,1814.370949340886
validation,2024-05-05,25163.458333333332,23242.005512431115,2243.297971850024,1921.4528209022174
validation,2024-05-06,27315.791666666668,25128.818313543776,2186.973353122889,2186.973353122892
validation,2024-05-07,28672.5,26838.59301063657,1908.6716408055618,1833.9069893634296
validation,2024-05-08,29568.666666666668,27723.596511212832,2073.2657654405375,1845.0701554538355
validation,2024-05-09,28684.75,27367.285353256473,2603.28106110558,1317.4646467435268
validation,2024-05-10,26264.166666666668,25545.045804715875,1209.1723734971636,719.1208619507925
validation,2024-05-11,23121.5,22603.701037920386,1133.9079840561303,517.7989620796143
validation,2024-05-12,22043.375,21990.716907580878,1331.5167384468034,52.65809241912211
validation,2024-05-13,23077.291666666668,22382.884368633782,2053.354132036456,694.4072980328856
validation,2024-05-14,24318.375,24919.07331970856,1268.5407865492714,-600.698319708561
validation,2024-05-15,26842.083333333332,25632.896267848166,1434.6089914282977,1209.1870654851664
validation,2024-05-16,27411.708333333332,26024.36381007145,1657.8937332674748,1387.3445232618833
validation,2024-05-17,26027.166666666668,25688.642227164848,2285.4440683721746,338.52443950181987
validation,2024-05-18,24140.5,24800.77868397746,1026.3284519274416,-660.2786839774599
validation,2024-05-19,24312.875,23934.121044154846,1453.420754285109,378.75395584515354
validation,2024-05-20,27015.083333333332,25537.058185980248,1675.184021365965,1478.0251473530843
validation,2024-05-21,28410.333333333332,26679.66069968842,2027.235480262981,1730.6726336449137
validation,2024-05-22,28918.916666666668,27263.20215970476,1984.6341021037526,1655.7145069619073
validation,2024-05-23,29641.875,28292.04729249935,1811.2694771485587,1349.8277075006517
validation,2024-05-24,28910.208333333332,28228.26778796737,1396.788570957811,681.9405453659638
validation,2024-05-25,27361.916666666668,27574.48056744349,1481.2919193274836,-212.56390077682227
validation,2024-05-26,27524.041666666668,27494.59116068463,1067.5897970091498,29.450505982036702
validation,2024-05-27,28381.875,27554.278900781395,2048.063213805091,827.5960992186046
validation,2024-05-28,29292.208333333332,28996.361801037263,680.8668261149888,295.8465322960692
validation,2024-05-29,28578.041666666668,27590.686688200512,1803.2355953043682,987.3549784661554
validation,2024-05-30,27330.583333333332,26767.128440978067,1419.1978999119112,563.4548923552647
validation,2024-05-31,27107.75,26716.165503106386,1470.4057926553667,391.5844968936144
validation,2024-06-01,24684.458333333332,24832.191872638985,1482.4596988588546,-147.7335393056528
validation,2024-06-02,25001.458333333332,25406.795321906407,1482.4953592220745,-405.33698857307536
validation,2024-06-03,28791.416666666668,27456.874057632216,1635.7996079930572,1334.5426090344517
validation,2024-06-04,30211.5,28895.417410478112,1562.7395484937445,1316.0825895218877
validation,2024-06-05,30121.25,28792.022918600986,1623.7533153676732,1329.2270813990144
validation,2024-06-06,30570.375,29586.16384715149,1306.3884604897094,984.2111528485111
validation,2024-06-07,31067.25,29425.47670919637,1681.9260849129107,1641.7732908036305
validation,2024-06-08,27719.291666666668,27072.165442607813,2104.7275866566747,647.1262240588549
validation,2024-06-09,28773.583333333332,28202.533477156827,2099.410506674596,571.0498561765053
validation,2024-06-10,31335.833333333332,29401.161311157284,2073.051991042948,1934.672022176048
validation,2024-06-11,29284.916666666668,28484.292608449996,1461.3005266414482,800.624058216672
validation,2024-06-12,29902.666666666668,28665.471067052345,1843.1548083701607,1237.1955996143224
validation,2024-06-13,31629.875,30420.94941348756,1643.1190926774577,1208.9255865124396
validation,2024-06-14,32574.625,30981.544461046593,2020.3828009467854,1593.080538953407
validation,2024-06-15,33003.375,31254.50692013673,2456.5901810486903,1748.8680798632704
validation,2024-06-16,32813.916666666664,30447.68275672072,2739.064486022429,2366.233909945946
validation,2024-06-17,33154.208333333336,31224.517490609112,1929.6908427242226,1929.6908427242233
validation,2024-06-18,32637.458333333332,31410.819035525692,1385.0594213654585,1226.63929780764
validation,2024-06-19,31112.416666666668,30043.656335432734,1328.9726874215537,1068.7603312339343
validation,2024-06-20,31428.125,30998.256803905013,739.1837429600295,429.86819609498707
validation,2024-06-21,32033.333333333332,31078.992491192363,1432.1237664018452,954.3408421409695
validation,2024-06-22,32278.875,30732.74412072387,2176.1435534336683,1546.1308792761301
validation,2024-06-23,33171.083333333336,30777.390031044462,2695.7618003582916,2393.6933022888734
validation,2024-06-24,35086.416666666664,32997.72849902029,2121.1937049629355,2088.6881676463745
validation,2024-06-25,34813.333333333336,33411.64664350831,1976.504107107747,1401.6866898250228
validation,2024-06-26,35872.625,33182.297866186076,3059.764123682146,2690.327133813924
validation,2024-06-27,33937.625,31754.5701256655,2190.94209890263,2183.054874334499
validation,2024-06-28,32822.125,31629.978103186175,1379.2888209539358,1192.1468968138252
validation,2024-06-29,32298.625,30452.64198219286,2000.7918795821681,1845.9830178071388
validation,2024-06-30,32566.041666666668,30626.94504984407,2274.416427365741,1939.0966168225968
validation,2024-07-01,33581.875,31848.598471040692,1948.6894688169994,1733.276528959308
validation,2024-07-02,33720.833333333336,31781.568987131144,2390.4065588789904,1939.2643462021915
validation,2024-07-03,33590.958333333336,32420.898325916147,1541.1333847816202,1170.060007417189
validation,2024-07-04,33340.75,31852.909881388423,2324.568321343201,1487.840118611577
validation,2024-07-05,33343.916666666664,32476.895584262602,1571.5096179595487,867.0210824040623
validation,2024-07-06,31554.458333333332,30760.60607375998,1568.8811255248445,793.8522595733521
validation,2024-07-07,31234.041666666668,30067.351233107318,1995.1861485083682,1166.69043355935
validation,2024-07-08,33834.958333333336,31993.09664935622,2078.314451173226,1841.8616839771166
validation,2024-07-09,34509.041666666664,32646.81256538248,2016.7225864193551,1862.2291012841852
validation,2024-07-10,32912.541666666664,31679.344507795908,1233.1971588707593,1233.1971588707565
validation,2024-07-11,32239.208333333332,31581.85078224566,1334.619399486777,657.3575510876726
validation,2024-07-12,33186.333333333336,31900.0351241381,1788.5073944193834,1286.2982091952363
validation,2024-07-13,33281.25,31522.41224398675,2504.890779202171,1758.8377560132503
validation,2024-07-14,33687.0,31610.739465893374,2723.1380265374946,2076.2605341066264
validation,2024-07-15,35182.833333333336,32227.906337033754,2976.996457966897,2954.9269962995822
validation,2024-07-16,33839.0,32506.71768957922,1512.877317557215,1332.2823104207782
validation,2024-07-17,33798.5,32622.370974473994,1288.0273570588672,1176.1290255260064
validation,2024-07-18,32229.875,31764.33074794848,1032.1630778911485,465.54425205152074
validation,2024-07-19,30455.416666666668,30429.021365860524,375.2070402712622,26.395300806143496
validation,2024-07-20,28421.291666666668,29085.63616093935,903.7647684226072,-664.3444942726819
validation,2024-07-21,28884.375,28477.104253863607,882.8295900206617,407.2707461363934
validation,2024-07-22,30356.583333333332,29759.446002003173,1253.172972481136,597.1373313301592
validation,2024-07-23,32725.375,30932.862082039046,2000.7086112132035,1792.512917960954
validation,2024-07-24,31581.041666666668,30479.65194283096,1304.8908032402521,1101.3897238357094
validation,2024-07-25,31281.916666666668,30439.987816472945,1135.9933833137518,841.9288501937226
validation,2024-07-26,31889.5,29927.877699355828,2070.1938102834238,1961.6223006441724
validation,2024-07-27,30457.791666666668,29330.798715254507,1721.7627868630236,1126.9929514121613
validation,2024-07-28,29333.583333333332,28451.76658059587,1486.6707145986827,881.8167527374608
validation,2024-07-29,30960.916666666668,30289.663526681416,1183.8378220636994,671.2531399852523
validation,2024-07-30,33012.75,31785.32432107576,1856.1770903031427,1227.425678924239
validation,2024-07-31,34091.791666666664,32228.35636097426,2400.9808266026766,1863.4353056924047
validation,2024-08-01,35325.458333333336,32941.35764954477,2674.6486933109677,2384.100683788565
validation,2024-08-02,36029.958333333336,32838.94660256523,3226.1851044262744,3191.0117307681066
validation,2024-08-03,32818.958333333336,30577.858685786076,2534.5407970820775,2241.0996475472602
validation,2024-08-04,31947.625,29446.4120828247,2896.685376328542,2501.2129171753004
validation,2024-08-05,33230.791666666664,31245.18224234057,2040.745966680608,1985.609424326096
validation,2024-08-06,33665.833333333336,32564.95549857893,1530.2504664921646,1100.8778347544066
validation,2024-08-07,34879.666666666664,32804.350535327336,2249.660251146378,2075.3161313393284
validation,2024-08-08,36148.916666666664,32835.89431200195,3313.0223546647208,3313.0223546647176
validation,2024-08-09,35993.791666666664,32358.9192184605,3634.872448206165,3634.8724482061625
validation,2024-08-10,34009.333333333336,30765.097397625315,3342.499337500805,3244.2359357080204
validation,2024-08-11,32276.458333333332,29295.986734072987,3097.421816344833,2980.471599260345
validation,2024-08-12,32932.583333333336,30894.294895614905,2295.8982905305725,2038.288437718431
validation,2024-08-13,34093.25,32395.88209147508,2224.3693867032075,1697.3679085249205
validation,2024-08-14,34028.375,32079.30563502724,2175.3074268418463,1949.0693649727582
validation,2024-08-15,33639.916666666664,32012.26698146059,1870.1521673479165,1627.6496852060736
validation,2024-08-16,33918.083333333336,32039.245933491522,2210.5048075552354,1878.8373998418137
validation,2024-08-17,32789.541666666664,30538.110657064535,2617.9926995327164,2251.431009602129
validation,2024-08-18,31237.041666666668,29888.53716158317,2069.4692623398437,1348.5045050834997
validation,2024-08-19,32181.041666666668,30758.8762662299,1575.4644199521426,1422.1654004367665
validation,2024-08-20,32024.333333333332,30560.91327795156,1799.0252427918188,1463.4200553817718
validation,2024-08-21,30524.041666666668,29031.420523264806,2016.0939597531021,1492.6211434018624
validation,2024-08-22,30570.0,29406.420096433376,1457.3798844807116,1163.5799035666241
validation,2024-08-23,29434.291666666668,28875.46151234207,1160.451641482999,558.830154324598
validation,2024-08-24,28034.333333333332,27620.900421604078,1425.2331640739158,413.43291172925456
validation,2024-08-25,28446.291666666668,27672.628635389683,1938.8954688993356,773.6630312769848
validation,2024-08-26,30868.166666666668,29758.874761810202,1695.7985633401292,1109.2919048564654
validation,2024-08-27,32659.75,31160.12560604489,2110.5489092209614,1499.6243939551096
validation,2024-08-28,34528.25,31877.289996363306,2824.9125266203932,2650.9600036366937
validation,2024-08-29,35571.75,32102.697652337334,3509.2229526819265,3469.052347662666
validation,2024-08-30,34048.125,31301.522930490468,2763.7745096055646,2746.602069509532
validation,2024-08-31,31481.291666666668,29492.498045228847,2358.5026186490077,1988.7936214378205
validation,2024-09-01,30385.708333333332,28566.01521185806,2293.415646571118,1819.693121475273
validation,2024-09-02,30526.541666666668,28143.48264452995,2626.909472487048,2383.0590221367165
validation,2024-09-03,31694.958333333332,30605.99877412189,1561.544404877454,1088.959559211442
validation,2024-09-04,29532.916666666668,28608.002883604986,1410.9094111356019,924.9137830616819
validation,2024-09-05,29352.75,28772.24850149089,769.8743247650796,580.5014985091111
validation,2024-09-06,27969.916666666668,27071.34100353246,990.7892760743957,898.5756631342083
validation,2024-09-07,26468.458333333332,25409.936678166327,1177.5735137357974,1058.5216551670055
validation,2024-09-08,25367.041666666668,23376.882454698978,2417.818622234026,1990.1592119676898
validation,2024-09-09,27132.208333333332,25598.025557356366,2044.63866517656,1534.1827759769658
validation,2024-09-10,27866.958333333332,26964.82593920211,1553.9031863144571,902.1323941312221
validation,2024-09-11,26848.041666666668,26562.775380057094,1520.881422326246,285.2662866095743
validation,2024-09-12,25969.083333333332,26079.046909242756,1346.759742687924,-109.96357590942353
validation,2024-09-13,26577.166666666668,26681.093722461246,1088.6571062816936,-103.92705579457834
validation,2024-09-14,25588.583333333332,25173.360368385886,1035.7330141006535,415.2229649474466
validation,2024-09-15,25032.666666666668,24503.848119497652,1089.473271008088,528.8185471690158
validation,2024-09-16,26819.833333333332,25703.470387820595,1164.4720490769312,1116.3629455127375
validation,2024-09-17,26924.708333333332,25690.25202142805,1814.3145049744471,1234.4563119052837
validation,2024-09-18,28080.375,26323.823190504223,2040.8279098675894,1756.551809495777
validation,2024-09-19,29025.333333333332,27140.610690120873,2034.336351903927,1884.722643212459
validation,2024-09-20,29866.583333333332,27425.912960016823,2620.2986225534187,2440.6703733165086
validation,2024-09-21,29339.583333333332,26910.952331924724,2840.0995168030718,2428.6310014086084
validation,2024-09-22,29535.083333333332,26384.770970200418,3388.3701078716817,3150.3123631329145
validation,2024-09-23,31788.083333333332,28386.513604430857,3431.3224817403875,3401.5697289024756
validation,2024-09-24,31975.583333333332,28668.406790382633,3307.1765429507045,3307.1765429506995
validation,2024-09-25,29507.458333333332,26962.3839472441,2545.4867994513115,2545.0743860892326
validation,2024-09-26,26013.583333333332,25628.326743660993,1491.1563269689111,385.25658967233903
validation,2024-09-27,22273.458333333332,24939.156512125308,2665.6981787919754,-2665.698178791976
validation,2024-09-28,21046.875,23119.004588807584,2072.1295888075833,-2072.129588807584
validation,2024-09-29,21948.0,22958.21299058473,1892.3259903052574,-1010.2129905847287
validation,2024-09-30,24263.291666666668,24596.147514569864,1244.4687106925487,-332.85584790319626
validation,2024-10-01,25645.041666666668,25579.383287810197,1081.6390295580402,65.65837885647124
validation,2024-10-02,26754.25,25365.73437854101,1667.3731902771467,1388.5156214589915
validation,2024-10-03,26004.625,25483.85885897698,2122.8574543624704,520.7661410230212
validation,2024-10-04,26701.333333333332,25478.241398628303,1245.8922653471493,1223.0919347050294
validation,2024-10-05,25779.416666666668,24009.857301478256,1831.1497847620228,1769.559365188412
validation,2024-10-06,25494.5,23216.98058426348,2416.7165097696284,2277.5194157365186
validation,2024-10-07,27053.5,24044.058894386257,3009.441105613741,3009.4411056137433
validation,2024-10-08,25941.25,23484.065313293453,2573.1361638414137,2457.184686706547
validation,2024-10-09,25511.083333333332,22997.032157436246,2526.8162080634625,2514.051175897086
validation,2024-10-10,24576.875,22675.904517221734,2184.5703155754723,1900.9704827782662
validation,2024-10-11,23357.333333333332,22103.539106374912,1402.1973386642487,1253.79422695842
validation,2024-10-12,21879.458333333332,21807.824208291873,1149.5613903657404,71.6341250414589
validation,2024-10-13,21781.083333333332,21548.777222057273,1583.2363905206105,232.3061112760588
validation,2024-10-14,23956.5,21188.878644184173,2767.621355815827,2767.621355815827
validation,2024-10-15,23050.875,21663.409093982435,1420.6426670077624,1387.4659060175654
validation,2024-10-16,23075.375,22386.54245778295,999.6751656616472,688.8325422170492
validation,2024-10-17,23986.083333333332,23415.398848961806,1949.2199787262937,570.6844843715262
validation,2024-10-18,23866.708333333332,22942.718707215317,2073.042072057503,923.9896261180147
validation,2024-10-19,22133.583333333332,21376.703634015932,1066.001436648392,756.8796993174001
validation,2024-10-20,21616.041666666668,20720.37451347815,1186.8032896598513,895.6671531885186
validation,2024-10-21,23070.541666666668,22321.637297509948,1418.538908238282,748.9043691567203
validation,2024-10-22,23756.625,22700.26369993635,1630.690350224825,1056.3613000636506
validation,2024-10-23,24255.541666666668,22732.389246157076,2101.3832335300135,1523.152420509592
validation,2024-10-24,24491.875,22984.4521151738,2221.2406712243646,1507.4228848261992
validation,2024-10-25,24208.791666666668,22606.667766489383,2254.3882476997924,1602.1239001772847
validation,2024-10-26,23298.583333333332,21740.836420576023,2199.402547593757,1557.7469127573095
validation,2024-10-27,22223.291666666668,20271.52163651721,2426.0026382146652,1951.7700301494588
validation,2024-10-28,23084.833333333332,21235.37028088936,2241.754411867176,1849.4630524439708
validation,2024-10-29,23716.666666666668,21927.09569857288,2053.3036556504994,1789.570968093787
validation,2024-10-30,24281.0,22088.156255130685,2366.601526664006,2192.843744869315
validation,2024-10-31,24981.5,22851.418359787902,2275.4701901762987,2130.081640212098
validation,2024-11-01,24210.833333333332,21816.981199918602,2416.560425924959,2393.85213341473
validation,2024-11-02,23272.708333333332,20891.62253471564,2436.8482588156676,2381.0857986176925
validation,2024-11-03,22589.375,19722.3300650724,2958.987053021367,2867.0449349275987
validation,2024-11-04,23202.541666666668,20606.782788059583,2607.081856724716,2595.7588786070846
validation,2024-11-05,24717.583333333332,22408.02861408585,2360.790617248162,2309.5547192474805
validation,2024-11-06,25249.833333333332,23545.249464310837,1812.1103877096393,1704.5838690224955
validation,2024-11-07,24986.166666666668,23868.271385048774,2257.4990909520525,1117.8952816178935
validation,2024-11-08,25400.708333333332,23018.2372778015,2382.4710555318306,2382.4710555318306
validation,2024-11-09,23674.458333333332,21143.612122929248,2599.9940917824583,2530.8462104040846
validation,2024-11-10,22202.333333333332,19561.781091105266,2640.552242228067,2640.5522422280665
validation,2024-11-11,23392.041666666668,20767.023707102988,2703.015254255197,2625.01795956368
validation,2024-11-12,23810.25,21730.07721162694,2088.721986764386,2080.17278837306
validation,2024-11-13,23477.0,20529.07686008082,2947.9231399191835,2947.9231399191813
validation,2024-11-14,23847.791666666668,20694.760743242707,3153.030923423961,3153.030923423961
validation,2024-11-15,23368.291666666668,21941.73106446544,1541.589706160633,1426.560602201229
validation,2024-11-16,22477.708333333332,21649.318929288733,1483.2662284072737,828.3894040445994
validation,2024-11-17,21943.041666666668,20409.003752399978,1572.624778769715,1534.0379142666898
validation,2024-11-18,23276.083333333332,21373.69321760858,1957.5052401239554,1902.3901157247528
validation,2024-11-19,23664.666666666668,20590.07872531671,3074.5879413499574,3074.587941349957
validation,2024-11-20,23579.125,20287.900948776703,3291.2240512232947,3291.2240512232966
validation,2024-11-21,24431.5,23258.716438710628,1179.5558030914776,1172.7835612893723
validation,2024-11-22,26239.5,24525.855992879962,1742.4535709451577,1713.6440071200377
validation,2024-11-23,25531.5,23963.76019874714,1623.7268615457076,1567.739801252861
validation,2024-11-24,24091.375,21920.374074104726,2235.1323807531508,2171.000925895274
validation,2024-11-25,23975.75,22099.46170208786,1892.5751924104577,1876.2882979121387
validation,2024-11-26,23055.625,20674.995763421626,2380.6292365783743,2380.629236578374
validation,2024-11-27,24491.5,23000.968666524943,1613.9294476931434,1490.5313334750572
validation,2024-11-28,22025.5,19160.09421808079,3081.9371028425558,2865.4057819192094
validation,2024-11-29,22925.291666666668,25362.480488006757,2437.1888213400894,-2437.188821340089
validation,2024-11-30,27691.625,26370.037025008733,2026.3734903676166,1321.5879749912674
validation,2024-12-01,28437.208333333332,25137.723986134282,3413.9109093769616,3299.48434719905
validation,2024-12-02,29546.375,26846.202065257963,2732.144723885158,2700.172934742037
validation,2024-12-03,31399.375,28611.116079734973,2788.2589202650283,2788.258920265027
validation,2024-12-04,33646.375,28763.029869146358,4883.34513085364,4883.345130853642
validation,2024-12-05,27105.75,25319.26375618923,2230.1978235203724,1786.4862438107702
validation,2024-12-06,31664.625,29260.002788581634,2508.368324918164,2404.6222114183656
validation,2024-12-07,31901.791666666668,27812.878029590425,4152.845960296018,4088.9136370762426
validation,2024-12-08,27634.375,24217.76094160954,3416.614058390461,3416.61405839046
validation,2024-12-09,25036.583333333332,22537.974424153985,2498.6089091793515,2498.6089091793474
validation,2024-12-10,23939.875,22387.322708332973,1680.57067177879,1552.552291667027
validation,2024-12-11,24609.0,24527.338917957113,937.3588243691128,81.66108204288685
validation,2024-12-12,30852.458333333332,28510.77156937725,2463.511525995707,2341.6867639560805
validation,2024-12-13,30752.541666666668,27372.75875138344,3465.2697634401507,3379.7829152832273
validation,2024-12-14,25961.75,23648.018497669313,2341.7043513295644,2313.7315023306874
validation,2024-12-15,24204.125,21773.178302558732,2430.9466974412685,2430.946697441268
validation,2024-12-16,25438.375,23197.27605916816,2241.0989408318383,2241.0989408318383
validation,2024-12-17,24577.541666666668,23263.84884814352,1379.2755754611528,1313.6928185231482
validation,2024-12-18,24018.625,22767.52745035903,1252.8667073733793,1251.09754964097
validation,2024-12-19,24347.041666666668,24255.74450885998,766.7425515683162,91.2971578066863
validation,2024-12-20,27533.583333333332,26004.966419968918,1937.4108084635639,1528.6169133644144
validation,2024-12-21,28977.666666666668,26926.344578204764,2162.252422684612,2051.322088461904
validation,2024-12-22,30433.541666666668,26879.81058879149,3593.820449183053,3553.731077875178
validation,2024-12-23,30811.375,27118.50953668455,3724.4386890948485,3692.865463315451
validation,2024-12-24,28711.958333333332,26479.750335041546,2514.9325051494066,2232.2079982917858
validation,2024-12-25,25889.458333333332,24477.025359846968,2193.9460994625356,1412.432973486364
validation,2024-12-26,24927.875,24414.253854278202,1611.1261642995357,513.6211457217978
validation,2024-12-27,26038.166666666668,23039.841218219066,2998.3254484476006,2998.325448447602
validation,2024-12-28,23628.5,20327.106016029953,3301.393983970047,3301.393983970047
validation,2024-12-29,21502.625,18527.81530670587,2974.809693294132,2974.80969329413
validation,2024-12-30,23446.0,22351.575296397554,1236.675173234166,1094.4247036024462
validation,2024-12-31,23039.0,21990.2210291575,1275.4085959143295,1048.7789708425007
